{
  "welcomeFile": "webapp/index.html",
  "routes": [
  	 {
      "path": "/destinations/MDCHANATRIAL",
      "target": {
        "type": "destination",
        "name": "MDCHANATRIAL"
      },
      "description": "MDC TENANT"
    },
    {
      "path": "/destinations/UBERSANDBOX",
      "target": {
        "type": "destination",
        "name": "UBERSANDBOX"
      },
      "description": "UBER"
    },
    {
      "path": "/resources",
      "target": {
        "type": "service",
        "name": "sapui5",
        "version": "1.36.7",
        "preferLocal": true,
        "entryPath": "/resources"
      },
      "description": "SAPUI5 Resources"
    },
    {
      "path": "/test-resources",
      "target": {
        "type": "service",
        "version": "1.36.7",
        "name": "sapui5",
        "entryPath": "/test-resources"
      },
      "description": "SAPUI5 Test Resources"
    }
  ]
}