<?xml version="1.0" encoding="utf-8" standalone="yes" ?>
<edmx:Edmx Version="1.0"
    xmlns:edmx="http://schemas.microsoft.com/ado/2007/06/edmx">
    <edmx:DataServices
        xmlns:m="http://schemas.microsoft.com/ado/2007/08/dataservices/metadata" m:DataServiceVersion="2.0">
        <Schema Namespace="p1941877974trial.dev.UBER.mapping"
            xmlns:d="http://schemas.microsoft.com/ado/2007/08/dataservices"
            xmlns:m="http://schemas.microsoft.com/ado/2007/08/dataservices/metadata"
            xmlns="http://schemas.microsoft.com/ado/2008/09/edm">
            <EntityType Name="UBERSOType">
                <Key>
                    <PropertyRef Name="ID" />
                </Key>
                <Property Name="ID" Type="Edm.String" Nullable="false" MaxLength="2147483647" />
                <Property Name="SALES_ORDER" Type="Edm.String" MaxLength="50" />
                <Property Name="REQUEST_ID" Type="Edm.String" MaxLength="100" />
                <Property Name="STATUS" Type="Edm.String" MaxLength="20" />
                <Property Name="DRIVER_NAME" Type="Edm.String" MaxLength="50" />
                <Property Name="PHONE_NO" Type="Edm.String" MaxLength="20" />
                <Property Name="CAR_NAME" Type="Edm.String" MaxLength="20" />
                <Property Name="CAR_NO" Type="Edm.String" MaxLength="20" />
            </EntityType>
            <EntityContainer Name="mapping" m:IsDefaultEntityContainer="true">
                <EntitySet Name="UBERSO" EntityType="p1941877974trial.dev.UBER.mapping.UBERSOType" />
            </EntityContainer>
        </Schema>
    </edmx:DataServices>
</edmx:Edmx>