<edmx:Edmx
    xmlns:edmx="http://schemas.microsoft.com/ado/2007/06/edmx"
    xmlns:sap="http://www.sap.com/Protocols/SAPData"
    xmlns:ux="http://www.sap.com/Protocols/OData4SAP/UX"
    xmlns:gp="http://www.sap.com/Protocols/SAPData/GenericPlayer" Version="1.0">
    <edmx:DataServices
        xmlns:m="http://schemas.microsoft.com/ado/2007/08/dataservices/metadata" m:DataServiceVersion="2.0">
        <Schema
            xmlns="http://schemas.microsoft.com/ado/2008/09/edm" Namespace="ZGW_SDO_MSO_PUL_SRV" sap:schema-version="1" xml:lang="en">
            <EntityType Name="ItDeliver" sap:content-version="1">
                <Key>
                    <PropertyRef Name="Delivaryorder"/>
                </Key>
                <Property Name="Shippingpoint" Type="Edm.String" Nullable="false" MaxLength="4" sap:creatable="false" sap:updatable="false" sap:sortable="false" sap:filterable="false" sap:label="Shipping Point"/>
                <Property Name="Selectiondate" Type="Edm.DateTime" Nullable="false" Precision="7" sap:creatable="false" sap:updatable="false" sap:sortable="false" sap:filterable="false" sap:label="Selection date"/>
                <Property Name="Delivaryorder" Type="Edm.String" Nullable="false" MaxLength="10" sap:creatable="false" sap:updatable="false" sap:sortable="false" sap:filterable="false" sap:label="Order"/>
                <Property Name="Documentdate" Type="Edm.DateTime" Nullable="false" Precision="7" sap:creatable="false" sap:updatable="false" sap:sortable="false" sap:filterable="false" sap:label="Document Date"/>
                <Property Name="Goodsmovdate" Type="Edm.DateTime" Nullable="false" Precision="7" sap:creatable="false" sap:updatable="false" sap:sortable="false" sap:filterable="false" sap:label="Planned gds mvmt"/>
                <Property Name="Goodsissuetime" Type="Edm.Time" Nullable="false" Precision="0" sap:creatable="false" sap:updatable="false" sap:sortable="false" sap:filterable="false" sap:label="GI Time"/>
            </EntityType>
            <EntityType Name="sales_item" sap:content-version="1">
                <Key>
                    <PropertyRef Name="Vbeln"/>
                    <PropertyRef Name="Posnr"/>
                </Key>
                <Property Name="Vbeln" Type="Edm.String" Nullable="false" MaxLength="10" sap:creatable="false" sap:updatable="false" sap:sortable="false" sap:filterable="false" sap:label="Sales Document"/>
                <Property Name="Posnr" Type="Edm.String" Nullable="false" MaxLength="6" sap:creatable="false" sap:updatable="false" sap:sortable="false" sap:filterable="false" sap:label="Item"/>
                <Property Name="Matnr" Type="Edm.String" Nullable="false" MaxLength="40" sap:creatable="false" sap:updatable="false" sap:sortable="false" sap:filterable="false" sap:label="Material"/>
                <Property Name="Matkl" Type="Edm.String" Nullable="false" MaxLength="9" sap:creatable="false" sap:updatable="false" sap:sortable="false" sap:filterable="false" sap:label="Material Group"/>
                <Property Name="Arktx" Type="Edm.String" Nullable="false" MaxLength="40" sap:creatable="false" sap:updatable="false" sap:sortable="false" sap:filterable="false" sap:label="Description"/>
                <Property Name="Kwmeng" Type="Edm.Decimal" Nullable="false" Precision="15" Scale="3" sap:creatable="false" sap:updatable="false" sap:sortable="false" sap:filterable="false" sap:label="Order quantity"/>
                <Property Name="Brgew" Type="Edm.Decimal" Nullable="false" Precision="15" Scale="3" sap:creatable="false" sap:updatable="false" sap:sortable="false" sap:filterable="false" sap:label="Gross weight"/>
                <Property Name="Werks" Type="Edm.String" Nullable="false" MaxLength="4" sap:creatable="false" sap:updatable="false" sap:sortable="false" sap:filterable="false" sap:label="Plant"/>
                <Property Name="Vstel" Type="Edm.String" Nullable="false" MaxLength="4" sap:creatable="false" sap:updatable="false" sap:sortable="false" sap:filterable="false" sap:label="Shipping Point"/>
            </EntityType>
            <EntityType Name="sales_order" sap:content-version="1">
                <Key>
                    <PropertyRef Name="Vbeln"/>
                </Key>
                <Property Name="Vbeln" Type="Edm.String" Nullable="false" MaxLength="10" sap:creatable="false" sap:updatable="false" sap:sortable="false" sap:filterable="false" sap:label="Sales document"/>
                <Property Name="Zvbeln" Type="Edm.String" Nullable="true" MaxLength="10" sap:creatable="false" sap:updatable="false" sap:sortable="false" sap:filterable="false" sap:label="Delivery"/>
                <Property Name="Edatu" Type="Edm.DateTime" Nullable="true" Precision="7" sap:creatable="false" sap:updatable="false" sap:sortable="false" sap:filterable="false" sap:label="Delivery Date"/>
                <Property Name="Lfdat" Type="Edm.DateTime" Nullable="true" Precision="7" sap:creatable="false" sap:updatable="false" sap:sortable="false" sap:filterable="false" sap:label="Delivery date"/>
                <Property Name="Carid" Type="Edm.String" Nullable="true" MaxLength="50" sap:creatable="false" sap:updatable="false" sap:sortable="false" sap:filterable="false" sap:label="U Car Id"/>
                <Property Name="Gbstk" Type="Edm.String" Nullable="true" MaxLength="1" sap:creatable="false" sap:updatable="false" sap:sortable="false" sap:filterable="false" sap:label="Overall Status"/>
                <Property Name="Kunnr" Type="Edm.String" Nullable="true" MaxLength="10" sap:creatable="false" sap:updatable="false" sap:sortable="false" sap:filterable="false" sap:label="Customer"/>
                <Property Name="Name1" Type="Edm.String" Nullable="true" MaxLength="35" sap:creatable="false" sap:updatable="false" sap:sortable="false" sap:filterable="false" sap:label="Name"/>
                <Property Name="Zgbstk" Type="Edm.String" Nullable="true" MaxLength="10" sap:creatable="false" sap:updatable="false" sap:sortable="false" sap:filterable="false" sap:label="Overall Status"/>
                <Property Name="Zsalesorders" Type="Edm.String" Nullable="true" MaxLength="255" sap:creatable="false" sap:updatable="false" sap:sortable="false" sap:filterable="false" sap:label="sales orders"/>
                <NavigationProperty Name="getItems" Relationship="ZGW_SDO_MSO_PUL_SRV.OrdersToItems" FromRole="FromRole_OrdersToItems" ToRole="ToRole_OrdersToItems"/>
            </EntityType>
            <Association Name="OrdersToItems" sap:content-version="1">
                <End Type="ZGW_SDO_MSO_PUL_SRV.sales_order" Multiplicity="1" Role="FromRole_OrdersToItems"/>
                <End Type="ZGW_SDO_MSO_PUL_SRV.sales_item" Multiplicity="*" Role="ToRole_OrdersToItems"/>
                <ReferentialConstraint>
                    <Principal Role="FromRole_OrdersToItems">
                        <PropertyRef Name="Vbeln"/>
                    </Principal>
                    <Dependent Role="ToRole_OrdersToItems">
                        <PropertyRef Name="Vbeln"/>
                    </Dependent>
                </ReferentialConstraint>
            </Association>
            <EntityContainer Name="ZGW_SDO_MSO_PUL_SRV_Entities" m:IsDefaultEntityContainer="true" sap:supported-formats="atom json">
                <EntitySet Name="ItDeliverSet" EntityType="ZGW_SDO_MSO_PUL_SRV.ItDeliver" sap:content-version="1" sap:creatable="false" sap:updatable="false" sap:deletable="false" sap:pageable="false"/>
                <EntitySet Name="sales_itemSet" EntityType="ZGW_SDO_MSO_PUL_SRV.sales_item" sap:content-version="1" sap:creatable="false" sap:updatable="false" sap:deletable="false" sap:pageable="false"/>
                <EntitySet Name="sales_orderSet" EntityType="ZGW_SDO_MSO_PUL_SRV.sales_order" sap:content-version="1" sap:creatable="false" sap:updatable="false" sap:deletable="false" sap:pageable="false"/>
                <AssociationSet Name="OrdersToItems_AssocSet" Association="ZGW_SDO_MSO_PUL_SRV.OrdersToItems" deletable="false" creatable="false" updatable="false">
                    <End EntitySet="sales_orderSet" Role="FromRole_OrdersToItems"/>
                    <End EntitySet="sales_itemSet" Role="ToRole_OrdersToItems"/>
                </AssociationSet>
            </EntityContainer>
            <atom:link
                xmlns:atom="http://www.w3.org/2005/Atom" rel="self" href="https://gwaas-p1941877974trial.hanatrial.ondemand.com:443/odata/SAP/ZGW_SDO_MSO_PUL_SRV/$metadata"/>
                <atom:link
                    xmlns:atom="http://www.w3.org/2005/Atom" rel="latest-version" href="https://gwaas-p1941877974trial.hanatrial.ondemand.com:443/odata/SAP/ZGW_SDO_MSO_PUL_SRV/$metadata"/>
                </Schema>
            </edmx:DataServices>
        </edmx:Edmx>