{
    "application": {
        "id": "",
        "title": "UBERPRODUCT",
        "description": "Uber Product available ",
        "type": "SAP_UI5_Component",
        "componentUrl": "/",
        "appUrl": "#UBERPRODUCT-Display",
        "navigationComponentName": "UBERPRO",
        "intentSemanticObject": "UBERPRODUCT",
        "intentAction": "Display",
        "html5ApplicationName": "uberproduct",
        "HCPParentApplicationName": ""
    },
    "assignment": {
        "groups": [
            "9adb1519-e111-4037-90c8-e6c7c94e6b38"
        ],
        "contentPackages": [
            "7f5e783e-0fa6-4749-83e8-291c735669b9"
        ],
        "categories": []
    },
    "tile": {
        "type": "StaticTile",
        "title": "Available Uber Cab In Your Current Location",
        "subtitle": "Uber App Services",
        "searchKeywords": "Available Uber Cab In Your Current Location,Uber App Services",
        "displayIconUrl": "sap-icon://car-rental",
        "displayInfoText": "",
        "size": "1x1",
        "serviceURL": "",
        "refreshInterval": ""
    }
}