{
    "application": {
        "id": "",
        "title": "ZCUSTOMTILE",
        "description": "customtile",
        "type": "SAP_UI5_Component",
        "componentUrl": "/webapp",
        "appUrl": "#ZCUSTOMTILE-Display",
        "navigationComponentName": "ZCUSTOMTILE",
        "intentSemanticObject": "ZCUSTOMTILE",
        "intentAction": "Display",
        "html5ApplicationName": "zcustomtile",
        "HCPParentApplicationName": ""
    },
    "assignment": {
        "groups": [
            "bf4d8df6-d481-4681-89b4-193a9d1d1a69-1471617225305"
        ],
        "contentPackages": [
            "7f5e783e-0fa6-4749-83e8-291c735669b9"
        ],
        "categories": []
    },
    "tile": {
        "type": "StaticTile",
        "title": "custom tile",
        "subtitle": "custom tile",
        "searchKeywords": "custom tile,custom tile",
        "displayIconUrl": "sap-icon://approvals",
        "displayInfoText": "",
        "size": "1x1",
        "serviceURL": "",
        "refreshInterval": ""
    }
}