{
  "welcomeFile": "/webapp/index.html",
  "routes": [
  	    {
      "path": "/destinations/gwhcp",
      "target": {
        "type": "destination",
        "name": "gwhcp"
      },
      "description": "sudip hcp odata"
    },
    {
      "path": "/resources",
      "target": {
        "type": "service",
        "name": "sapui5",
        "entryPath": "/resources"
      },
      "description": "SAPUI5 Resources"
    },
    {
      "path": "/test-resources",
      "target": {
        "type": "service",
        "name": "sapui5",
        "entryPath": "/test-resources"
      },
      "description": "SAPUI5 Test Resources"
    }
  ],
  "sendWelcomeFileRedirect": true,
  "cacheControl": [
    {
      "directive": "private",
      "maxAge": 0,
      "path": "*html"
    },
    {
      "directive": "public",
      "maxAge": 31536000
    }
  ]
}