{
  "generation": [
    {
      "templateId": "ui5template.basicSAPUI5ApplicationProject",
      "templateVersion": "1.30.3",
      "dateTimeStamp": "Mon, 28 Dec 2015 11:26:15 GMT"
    }
  ],
  "translation": {
    "translationDomain": "",
    "supportedLanguages": "en,fr,de",
    "defaultLanguage": "en",
    "defaultI18NPropertyFile": "i18n.properties",
    "resourceModelName": "i18n"
  },
  "hcpdeploy": {
    "account": "p1941877974trial",
    "name": "zshellplug",
    "lastVersionWeTriedToDeploy": "1.0.4"
  }
}