{
    "application": {
        "id": "",
        "title": "UBERTRIM",
        "description": "Uber Profile And trip",
        "type": "SAP_UI5_Component",
        "componentUrl": "/webapp",
        "appUrl": "#UBERTRIM-Display",
        "navigationComponentName": "generated.app",
        "intentSemanticObject": "UBERTRIM",
        "intentAction": "Display",
        "html5ApplicationName": "ubertrim",
        "HCPParentApplicationName": ""
    },
    "assignment": {
        "groups": [
            "9adb1519-e111-4037-90c8-e6c7c94e6b38"
        ],
        "contentPackages": [
            "7f5e783e-0fa6-4749-83e8-291c735669b9"
        ],
        "categories": []
    },
    "tile": {
        "type": "StaticTile",
        "title": "Account Details & Trip History",
        "subtitle": "Uber App Services",
        "searchKeywords": "Account Details & Trip History,Uber App Services",
        "displayIconUrl": "sap-icon://customer-history",
        "displayInfoText": "",
        "size": "1x1",
        "serviceURL": "",
        "refreshInterval": ""
    }
}