{
  "welcomeFile": "webapp/index.html",
  "routes": [
    {
      "path": "/destinations/UBER",
      "target": {
        "type": "destination",
        "name": "UBER"
      },
      "description": "UBER"
    },
    {
      "path": "/resources",
      "target": {
        "type": "service",
        "name": "sapui5",
        "version": "1.36.7",
        "preferLocal": true,
        "entryPath": "/resources"
      },
      "description": "SAPUI5 Resources"
    },
    {
      "path": "/test-resources",
      "target": {
        "type": "service",
        "version": "1.36.7",
        "name": "sapui5",
        "entryPath": "/test-resources"
      },
      "description": "SAPUI5 Test Resources"
    }
  ],
  "cacheControl": [
    {
      "directive": "private",
      "maxAge": 0,
      "path": "**.html"
    },
    {
      "directive": "private",
      "maxAge": 0,
      "path": "sap-ui-cachebuster-info.json"
    },
    {
      "directive": "public",
      "maxAge": 31536000
    }
  ]
}