{
  "routes": [
  	    {
      "path": "/destinations/MDCHANATRIAL",
      "target": {
        "type": "destination",
        "name": "MDCHANATRIAL"
      },
      "description": "MDC TENANT"
    },
    {
      "path": "/destinations/UBERSANDBOX",
      "target": {
        "type": "destination",
        "name": "UBERSANDBOX"
      },
      "description": "UBER"
    },
    {
      "path": "/webapp/resources",
      "target": {
        "type": "service",
        "name": "sapui5",
        "entryPath": "/resources"
      },
      "description": "SAPUI5 Resources"
    },
    {
      "path": "/webapp/test-resources",
      "target": {
        "type": "service",
        "name": "sapui5",
        "entryPath": "/test-resources"
      },
      "description": "SAPUI5 Test Resources"
    },
    {
      "path": "/resources",
      "target": {
        "type": "service",
        "name": "sapui5",
        "entryPath": "/resources"
      },
      "description": "SAPUI5 Resources"
    },
    {
      "path": "/test-resources",
      "target": {
        "type": "service",
        "name": "sapui5",
        "entryPath": "/test-resources"
      },
      "description": "SAPUI5 Test Resources"
    },
    {
      "path": "/gwhcp",
      "target": {
        "type": "destination",
        "name": "gwhcp"
      },
      "description": "sudip hcp odata"
    }
  ],
  "welcomeFile": "/webapp/test/flpSandbox.html",
  "sendWelcomeFileRedirect": true
}