{
  "generation": [
    {
      "templateId": "fioritemplate.UI5masterDetailKapsel",
      "templateVersion": "1.28.1",
      "dateTimeStamp": "Tue, 17 May 2016 11:05:46 GMT"
    }
  ],
  "mockpreview": {
    "mockUri": "/destinations/HANAXS/p1941877974trial/dev/UBER/mapping.xsodata",
    "metadataFilePath": "",
    "loadJSONFiles": false,
    "loadCustomRequests": false,
    "mockRequestsFilePath": ""
  },
  "translation": {
    "translationDomain": "",
    "supportedLanguages": "en,fr,de",
    "defaultLanguage": "en",
    "defaultI18NPropertyFile": "i18n.properties",
    "resourceModelName": "i18n"
  },
  "projectType": [
    "com.sap.webide.hybrid.cordova",
    "sap.watt.uitools.ide.fiori"
  ],
  "hcpdeploy": {
    "account": "p1941877974trial",
    "name": "shippingdetails",
    "lastVersionWeTriedToDeploy": "1.0.3"
  }
}