{
  "run": [
    {
      "filePath": "/index.html",
      "previewMode": 1,
      "dataMode": 1,
      "workspace": "withoutWorkspace",
      "ui5ActiveVersion": null,
      "ui5VerSource": null,
      "isDefaultVersion": 0,
      "urlParameters": [],
      "urlParametersNotNeeded": false,
      "hashParameter": "",
      "backendSystem": [],
      "_metadata": {
        "runnerId": "webapprunner",
        "id": 4969940,
        "displayName": "Run index.html",
        "lastRunTimeStamp": 1473009553000
      }
    },
    {
      "filePath": "/Component.js",
      "previewMode": 1,
      "dataMode": 1,
      "workspace": "withoutWorkspace",
      "ui5ActiveVersion": null,
      "ui5VerSource": null,
      "isDefaultVersion": 0,
      "urlParameters": [],
      "urlParametersNotNeeded": false,
      "hashParameter": "",
      "backendSystem": [],
      "_metadata": {
        "runnerId": "fiorirunner",
        "id": 3340188,
        "displayName": "Run Component.js",
        "lastRunTimeStamp": 1471619213137
      }
    }
  ],
  "hybrid": {
    "dirty": false
  }
}