{
    "application": {
        "id": "",
        "title": "SHIPPINGDETAILS",
        "description": "SHIPPING DETAILS",
        "type": "SAP_UI5_Component",
        "componentUrl": "/",
        "appUrl": "#SHIPPINGDETAILS-Display",
        "navigationComponentName": "UBERSHIP",
        "intentSemanticObject": "SHIPPINGDETAILS",
        "intentAction": "Display",
        "html5ApplicationName": "shippingdetails",
        "HCPParentApplicationName": ""
    },
    "assignment": {
        "groups": [
            "bf4d8df6-d481-4681-89b4-193a9d1d1a69-1471617225305"
        ],
        "contentPackages": [
            "7f5e783e-0fa6-4749-83e8-291c735669b9"
        ],
        "categories": []
    },
    "tile": {
        "type": "StaticTile",
        "title": "Track Sales order",
        "subtitle": "Sales Order Status, Car Speed , Item Status",
        "searchKeywords": "Track Sales order,Sales Order Status, Car Speed , Item Status",
        "displayIconUrl": "sap-icon://monitor-payments",
        "displayInfoText": "",
        "size": "1x1",
        "serviceURL": "",
        "refreshInterval": ""
    }
}