{
  "welcomeFile": "index.html",
  "routes": [
  	  	{
      "path": "/destinations/HCPSERVICE",
      "target": {
        "type": "destination",
        "name": "HCPSERVICE"
      },
      "description": "HCP API MANAGEMENT SERVICES"
    },
    {
      "path": "/destinations/MDCHANATRIAL",
      "target": {
        "type": "destination",
        "name": "MDCHANATRIAL"
      },
      "description": "MDC TENANT"
    },
    {
      "path": "/resources",
      "target": {
        "type": "service",
        "name": "sapui5",
        "entryPath": "/resources"
      },
      "description": "SAPUI5 Resources"
    },
    {
      "path": "/test-resources",
      "target": {
        "type": "service",
        "name": "sapui5",
        "entryPath": "/test-resources"
      },
      "description": "SAPUI5 Test Resources"
    }
  ],
  "cacheControl": [
    {
      "directive": "private",
      "maxAge": 0,
      "path": "*html"
    },
    {
      "directive": "private",
      "maxAge": 0,
      "path": "sap-ui-cachebuster-info.json"
    },
    {
      "directive": "public",
      "maxAge": 31536000
    }
  ]
}